Company_Name,incorporation_date,Period,income ($M),num_employee,country_code,web_globalrank,has_domain,has_instargram,has_facebook,Status
BEHEYT,1968,54,,,056,,no,no,no,inactive
BIK BIJOUX IMPENS B.V.B.A.,,,,,056,,no,no,no,inactive
BOSCHMANS N.V.,1865,157,,,056,,no,no,no,inactive
"E. VAN RANST, ZONEN B.V.B.A.",1968,54,,,056,,yes,no,no,active
WOUTERS & HENDRIX N.V.,,,,,056,,no,no,no,inactive
CECY JOIAS,2018,4,,,076,,no,no,no,inactive
CRACCO INDUSTRIA E COMERCIO DE JOIAS LTDA,2000,22,,,076,,yes,no,yes,active
DE LAMOUR JOIAS LTDA,1997,25,,,076,,yes,no,yes,active
INDUSTRIA DE JOIAS DUQUE LTD.,,,,,076,,no,no,no,inactive
JOIAS CONDOR - ARTEFATOS DE METAIS CONDOR LTDA,1985,37,,,076,,yes,no,yes,active
JOIAS VIVARA LTD.,1998,24,76 - 100,1000-4999,076,7829,yes,no,yes,active
LODI PEDRAS PRECIOSAS LTDA,2018,4,,,076,,yes,no,yes,active
MAEVE METAIS,,,,,076,,yes,no,yes,active
MOMTE CARLO JOIAS,,,,,076,,no,no,no,inactive
QUARTZIAM IMP. EXP. LTDA,,,,,076,,no,no,no,inactive
"R VIANNA COMERCIO, IMPORTACAO E EXPORTACAO LTD.",,,,,076,,no,no,no,inactive
SIMON JOALHEIROS COMERCIO DE IMPORTACAO E EXPORTACAO LTD.,,,,,076,,no,no,no,inactive
SMS COMERCIO E INDUSTRIA LTDA-ME,1983,39,,,076,,no,no,no,inactive
ABRA-KAD-ABRA COLLECTION,1994,28,,,124,,no,no,no,inactive
ANTHONY OF CALGARY JEWELLERS LTD.,1982,40,,,124,,no,no,yes,active
BALTIC AMBER LTD.,,,,,124,,no,no,no,inactive
BAMIYAN SILVER LIMITED,,,,,124,4003640,yes,no,no,active
BIRKS & MAYORS INC,1998,24,76 - 100,250-499,124,203431,yes,no,yes,active
CORONA JEWELLERY COMPANY,2006,16,,,124,5318535,no,no,no,inactive
DIRECTIONS EAST,2015,7,,,124,11264060,no,no,no,inactive
ENCHANTED DESIGNS LIMITED,,,,,124,,no,no,no,inactive
EUROPEAN DESIGN JEWELRY,,,,,124,,no,no,no,inactive
FLICA INC,1995,27,,0-9,124,,yes,no,yes,active
GOLD & SILVER HOUSE LTD,,,,,124,,no,no,no,inactive
HARVEY KESSLER JEWELLERY INC,1990,32,,0-9,124,,no,no,no,inactive
KORITE INT'L LTD,,,,,124,,no,no,no,inactive
LARUS INC.,1981,41,,,124,11332026,yes,no,yes,active
MARILENA JEWELLERY IMPORTS LTD,1984,38,,,124,,no,no,no,inactive
SINDBAD INC.,1987,35,,0-9,124,,yes,no,yes,active
ANDREA COGGIOLA,,,,,152,,no,no,no,inactive
COMERCIAL PARINACOTA,,,,,152,,no,no,no,inactive
GUTHMANN Y LOY LYDA.,,,,,152,,no,no,no,inactive
JOYERIA FIRENSSE,,,,,152,,no,no,no,inactive
VALENTINO Y CIA. LTDA.,1983,39,,10-19,152,,no,no,no,inactive
ALLURE,,,,,203,,no,no,no,inactive
"ALO JEWELRY, S.R.O.",2014,8,2 - 5,100-249,203,1312251,yes,no,yes,active
BEAD4U S.R.O.,,,,,203,,no,no,no,inactive
"BELDA A SPOL.,S.R.O.",1992,30,,,203,,yes,no,yes,active
BENET GOLD S.R.O.,1992,30,,,203,,no,no,no,inactive
BOHEMIA CRYSTAL PALACE,1998,24,,,203,,no,no,no,inactive
CABRHA DIAMONDS SRO,2011,11,,,203,,no,no,no,inactive
CARLO ROMANI SRO,2005,17,,,203,,no,no,no,inactive
CISTIN DRAHE KAMENY,,,,,203,,no,no,no,inactive
CISTIN SRO,2000,22,,,203,,no,no,no,inactive
CROWN CZ A.S.,2004,18,,,203,,no,no,no,inactive
GRANAT TURNOV,1953,69,2 - 5,20-49,203,3547265,yes,no,no,inactive
INBAR S.R.O.,1995,27,,,203,,yes,no,yes,active
A. AGENCY APS,1982,40,,,208,,no,no,no,inactive
BENDT LARSEN APS,1990,32,,0-9,208,,no,no,no,inactive
HEIRING A/S,2001,21,,10-19,208,,yes,no,yes,active
OLE LYNGGAARD APS,1977,45,10 - 15,100-249,208,750222,yes,yes,yes,active
SCANFORS A/S,,,,,208,,no,no,no,inactive
Farouk Ibrahim Botros Jewellery,,,,,818,,no,no,no,inactive
SAMIR NASIEF MENIAWY IMPORT & EXPORT CO.AGENCIES,,,,,818,,no,no,no,inactive
LAATUKORU OY,1991,31,16 - 20,100-249,246,436874,yes,yes,yes,active
LAPPONIA JEWELRY OY,,,,,246,,no,no,no,inactive
NAANTALIN HOPEAPAJA,2000,22,,,246,2076472,no,no,no,active
OY TILLANDER AB,1926,96,,,246,5168752,yes,yes,yes,active
SIROKORU OY,1980,42,,,246,,yes,yes,yes,active
TAMMEN KORU OY TAMMI JEWELLERY,2001,21,,,246,3023610,yes,yes,yes,active
YLAMAAN KORUKIVI KY,,,,,246,13039311,yes,yes,no,active
ALAIN BERTRANDIE AGENT COMMERCIAL,,,,,250,,no,no,no,inactive
AMBROSIA,,,,,250,,no,no,no,inactive
AUX DIAMANTS DE NAVARRE,1957,65,,0-9,250,,no,no,no,inactive
BELLON ET FILS SA,,,,20-49,250,2821272,yes,no,yes,active
BIJOUX ALTESSE,1956,66,,,250,,yes,no,yes,active
DJULA,1997,25,2 - 5,20-49,250,1897457,yes,no,yes,active
EMASUR SA,,,,,250,5827357,yes,yes,yes,active
ETS UL YSSE PONCET SA,,,,,250,,no,no,no,inactive
J.J. FAUR,,,,,250,,no,no,no,inactive
KORLOFF SA,1980,42,,20-49,250,,yes,yes,no,active
LES PERLES DE VENUS,1978,44,,0-9,250,8339249,yes,no,no,active
LEWISTONE JEWELRY,,,,,250,,yes,yes,yes,active
MAXEVAN DIFFUSION SARL,,,,,250,7295454,yes,no,yes,active
ALEXANDER GROECHEL,,,,,276,,no,no,no,inactive
ANDERSWELT IMPORT,,,,,276,,no,no,no,inactive
ANDREAS DAUB GMBH + CO KG,1962,60,,,276,,yes,no,no,active
AUGUST GERSTNER RINGFABRIK GMBH & CO.KG,,,16 - 20,100-249,276,1674095,yes,yes,yes,active
BB BURKHARDT&BISCHOFF GMBH CO.,,,,,276,6423939,yes,no,yes,active
BERHARD CONRADT GMBH&CO.KG,,,,,276,15339573,yes,yes,yes,active
BINDER FRIEDRICH GMBH & CO.KG,2007,15,,20-49,276,2541938,yes,yes,yes,active
BREUNING GMBH,2007,15,2 - 5,20-49,276,1058109,yes,yes,yes,active
BUELLING GERMANY E.K.,2011,11,,,276,,no,no,no,inactive
BURKHARD MUELLER SCHMUCK GMBH,,,,,276,,no,no,no,inactive
CARL DILLENIUS BIJOUTERIE GMBH,2010,12,,,276,,yes,no,yes,active
CHAC MOOL HANDELS GMBH,2007,15,,,276,,no,no,no,inactive
COL. GINNI LAZZARO E.K.,,,,,276,,yes,yes,no,active
DANIEL HARER SCHMUCK GMBH,,,,,276,,no,no,no,inactive
ECLIPSE,,,,,276,17425270,yes,no,no,inactive
EGF - EDUARD G. FIDEL GMBH,2007,15,,,276,,yes,no,yes,active
EUGEN DETTINGER GMBH,,,,,276,,yes,no,no,active
EUGEN RUHLE GMBH + CO. KG,2018,4,,,276,,yes,no,yes,active
GERHARD KUHNEL E.K.,2017,5,,,276,,yes,no,yes,active
GLOBAL GEMS,,,,,276,16590732,yes,no,yes,inactive
HANS D. KRIEGER KG,2015,7,,,276,,yes,no,yes,inactive
HANS RIVOIR GMBH JUWELENMANUFAKTUR,,,,,276,,no,no,no,inactive
HEINZ MAYER OHG,2018,4,,,276,,yes,no,no,inactive
IMPEXCO SCHMUCKWARENHANDEL GMBH,2013,9,,,276,,yes,no,no,inactive
J. KOHLE GMBH & CO. KG,2018,4,,,276,,yes,no,yes,inactive
KLEIN+SCHUTZ GMBH,2012,10,,,276,,yes,no,no,inactive
KOOS EDELMETALLE GMBH,2017,5,,,276,4060017,yes,no,no,active
LARS ENEVOLD KNUDSEN MEO JEWELRY CO LTD,,,,,276,,no,no,no,inactive
LINDER SCHMUCKWAREN GMBH,2014,8,,,276,5244708,yes,no,yes,inactive
QUINN SCHERURLE GMBH,,,,,276,5755502,yes,no,no,active
VICTOR MAYER GMBH & CO. KG,2017,5,,,276,8830727,yes,no,yes,active
WALTER DUMBERT OHG,,,,,276,,no,no,no,inactive
WELLENDORFF GOLD-CREATIONEN GMBH&CO.KG,2008,14,16 - 20,100-249,276,2341381,yes,no,yes,active
WILH. DRACHE KG GMBH & CO.,,,,,276,14647788,yes,no,no,inactive
ARTEON,2010,12,,,300,,yes,yes,yes,active
EKAN SA,,,,,300,,yes,yes,yes,active
FOLLI-FOLLIE S.A.,,,101 - 1000,5000-9999,300,704489,yes,yes,yes,active
GREGIO,1970,52,,20-49,300,420457,yes,no,no,active
"NOVELTEX HELLAS-S. LOUKOPOULOS & CO., LTD.",,,,,300,,no,no,no,inactive
PRINCE SILVERO S.A.,,,,,300,7455140,yes,no,no,active
SAVATI S.A.,,,,,300,7343883,yes,no,yes,active
SYMBOL HELLAS IMPORTING S.A.,1984,38,,,300,,,no,no,active
Taxiarchis Chatzianagnostou Bros SA,1949,73,,50-99,300,934554,yes,yes,yes,active
ALIREZA JEWELRY,,,,,364,,no,no,no,active
TEHRAN GOLDEN ARVIN TRADING CO.,,,,,364,,no,no,no,active
ZARTAB JEWELRY CO.,1999,23,6 - 10,,364,,no,no,no,active
ANTHONY NICHOLAS GROUP,1936,86,,250-499,364,242789,yes,yes,yes,active
ALLE MEGIDDO LTD.,1976,46,,20-49,364,,no,no,no,active
BAT-AMI LTD.,1960,62,6 - 10,10-19,376,,yes,no,yes,active
CITRA JEWELRY LTD.,1979,43,,,376,,yes,no,no,active
COHEN YOSSI JEWELLERY,,,,,376,,no,no,no,active
DENIR INTERNATIONAL LTD.,,,,,376,,no,no,no,active
H.R. DIAMONDS LTD.,1982,40,,,376,,no,no,no,active
INBAR FINE JEWELLERY,1998,24,,,376,,no,no,no,active
INTERNATIONAL BULLION AND METAL BROKERS (TEL AVIV) LTD,2010,12,,,376,,yes,no,no,active
JAFFA GOLD INTERNATIONAL LTD.,1994,28,,,376,,no,no,no,active
LICAST JEWELLER QUALITY TOOLS LTD.,,,,,376,,no,no,no,active
MARINA JEWELLERY LTD.,1996,26,,,376,,yes,yes,yes,active
ZABAN BECHOR'S JEWELLERY LTD.,1995,27,,,376,1080079,yes,yes,yes,active
ACME IN-EX SILVER JEWELLERY,,,2 - 5,10-19,380,,yes,no,no,active
ANTONELLA ORSATO,,,0.5 - 1,,380,,yes,no,no,active
ASOLO GOLD SPA,1984,38,10 -15,50-99,380,,yes,no,no,active
AURA SRL,2001,21,,,380,13263404,yes,yes,yes,active
BETTER SILVER SPA,1977,45,16 - 20,50-99,380,,yes,no,no,active
BIBIGI SRL,,,2 - 5,10-19,380,,yes,yes,yes,active
BRIGATO SRL,2001,21,,20-49,380,,yes,no,no,active
BUSATTI,,,,,380,,no,no,no,active
C.D.I. S.P.A.,1963,59,,,380,,yes,no,yes,active
CARLO BARBERIS SRL,1966,56,,0-9,380,15497800,yes,yes,yes,active
CI ZETA GIOIELLI S.R.L.,,,,,380,,no,no,no,active
CLUB EXOTIC & ORIENTAL HANDCRAFTS,,,,,380,,no,no,no,active
CONFEDORAFI,,,,,380,,no,no,no,active
D AURIA LEONE,,,,,380,,no,no,no,active
DELTA STILE S.R.L.,2010,12,101 - 1000,0-9,380,,yes,no,yes,active
DIBI GOLD SRL,2007,15,101 - 1000,10-19,380,,yes,no,no,active
EIGHTY ONE SRL,1991,31,101 - 1000,0-9,380,,yes,no,yes,active
EVAN S.R.L.,,,,,380,,no,no,no,inactive
F.LLI LACOBELLI SRL,1969,53,,10-19,380,,no,no,no,active
F.LLI MORAGLIONE S.R.L.,1949,73,0.5 - 1,0-9,380,,yes,yes,yes,active
FANAMO SRL 233AR,1975,47,0.5 - 1,,380,,yes,no,no,active
G. ROBERT SRL,1992,30,0.5 - 1,,380,,no,no,no,active
GEMMA GIOIELLI,,,,,380,,yes,no,no,active
GIORGIO VISCONTI SPA,1993,29,16 - 20,,380,1113345,yes,yes,yes,active
Giuri del Design Orafo,,,,,380,,no,no,no,active
GORGOGLIONE SRL,2004,18,2 - 5,20-49,380,,yes,no,no,active
IL SOLE GIOELLI SRL,1995,27,2 - 5,10-19,380,,yes,no,no,active
ITALO GORI SRL,1998,24,101 - 1000,0-9,380,,yes,no,no,active
LA FIORENTE GIOIELLI SRL,,,,,380,,yes,no,no,active
LINEA 2002 SRL,,,,,380,,no,no,no,active
LUCCHETTA ARMANDO SRL,1992,30,2 - 5,20-49,380,,yes,no,no,active
LUNATI SRL,1944,78,76 - 100,0-9,380,,yes,yes,yes,active
MASSONI & MASSONI SRL,2005,17,0.5 - 1,,380,,yes,yes,no,active
MINERAL GEMME SAS,,,,,380,,,no,no,inactive
OROZEN SRL,1979,43,2 - 5,10-19,380,,yes,no,no,active
ROBERTO MAGI SPA,2001,21,2 - 5,,380,,yes,no,no,active
ROTA E ROTA - ERREDUE SRL,,,,,380,,no,no,no,active
STEFANI ARGENTO SRL,1982,40,101 - 1000,0-9,380,,yes,no,no,active
TRADEMAX DI BARBI MARIO MASSIMO,,,,,380,,no,no,no,active
SIA SCALA DI VALORI,2005,17,,20-49,428,,no,no,no,active
AMBER ALEX LTD,,,2 - 5,20-49,440,,yes,yes,yes,active
AMBER SEASIDE,1997,25,2 - 5,20-49,440,,yes,yes,yes,active
AMBER WORLD LT,,,,,440,,no,no,no,active
AMBERHOME LT,2012,10,0.5 - 1,0-9,440,,yes,no,no,active
D. MILIAUS UKI,1995,27,0.5 - 1,20-49,440,,yes,yes,yes,active
SAULUVA,2013,9,0.5 - 1,0-9,440,,yes,no,no,active
CLASSIC JEWELLERS,1997,25,,,470,,yes,yes,yes,active
"EDWARD LOWELL CO., LTD.",1966,56,,,470,14045180,yes,yes,yes,active
ITALA GOLD JEWELLERY LTD.,1990,32,,,470,1525458,no,no,no,active
"ORO BOLEADO, SA DE CV",1995,27,2 - 5,10-19,484,,yes,yes,yes,active
ACCESSA B.V.,,,,,528,,no,no,no,inactive
BRON SIERADEN,,,,,528,,yes,yes,yes,active
C & S INTERNATIONAL B.V.,2020,2,,,528,7534621,no,no,no,inactive
GASSAN DIAMONDS,1945,77,76 - 100,250-499,528,,yes,yes,yes,active
I.B.B.,2013,9,,50-99,528,857075,yes,no,no,active
JEH COLLECTION,1993,29,,0-9,528,,yes,no,no,active
LUCADI JUWELIERS,1988,34,101 - 1000,500-999,528,8123026,yes,yes,yes,active
STELMAN JUWELIER,1982,40,,,528,52443,yes,no,yes,active
THEO LUCAS JUWELIER,,,,,528,5353619,yes,no,no,active
ARGOSY JEWELLERY LIMITED,,,,,528,,no,no,no,inactive
OPAL PACIFIC LTD,1985,37,2 - 5,10-19,528,,yes,no,no,active
IBRAHIM INUWA AND SONS LIMITED.,1995,27,,,562,,no,no,no,inactive
DONNAS SMYKKEGALLERI DONNA JEAN,2012,10,,0-9,578,,no,no,no,inactive
ARIN S.A.,1986,36,,50-99,604,,yes,no,no,active
ALL SILVER,,,,,616,10600529,yes,no,no,active
AMBER-KEWA,,,,,616,10437100,yes,no,no,active
AMBERSIL ADAM MISZTAL,1995,27,,,616,,yes,no,no,active
AMBRA-CASA CEZARY KRASZEWSKI,1997,25,,,616,,no,no,no,inactive
BACO CO. GRZEGORZ DEJCZ,,,6 - 10,20-49,616,,no,no,no,inactive
BIAMET,2001,21,,,616,,yes,no,no,active
DE TIAN SP. Z,2002,20,,10-19,616,,yes,no,no,active
FH KALOTA,1997,25,,,616,,yes,yes,yes,active
GREGSTON,2012,10,,,616,,yes,no,no,active
ITAR BEATA KOPYSC,2000,22,,,616,,yes,no,no,active
JANTAR STUDIO ARTUR MIKLEWSKI,1997,25,,,616,,no,no,no,inactive
KEWA,,,,,616,,yes,no,no,active
KROLEWSKI BURSZTYN K&B SP.Z.O.O.,2013,9,,,616,,no,no,no,inactive
MAGMA-ART MAGDALENA GLADYSZ,2005,17,,,616,,yes,yes,yes,active
MIRAZ GRZEGORZ PISULA,,,,,616,13197399,yes,no,no,active
PPHU DIAMENT PLUS,2001,21,,,616,,yes,no,yes,active
RODIUM SP.J.,,,,,616,8483617,yes,no,no,active
SILVER TOP WLODZIMIERZKARPINSKI,2000,22,0.5 - 1,,616,14962024,yes,no,no,active
SILVERPOL,,,,,616,,no,no,no,inactive
SREBROLEX. ZPH. ZAMOJSKI B.,1992,30,,,616,,yes,no,no,active
TADO P.H.H. TADEUSZ LESZCYNSKI,2001,21,,,616,,yes,no,no,active
VISANTI SP. Z.O.O.,,,,,616,,no,no,no,inactive
ADALIT (JEWELLERY FACTORY),,,,,643,,yes,no,no,active
"VEST, CO., LTD.",,,,,643,,yes,no,no,active
JOSE MARTINS BARBOSA CA. CA.,1973,49,,10-19,620,,no,no,no,active
A TURNER MANUFACTURING JEWELLERS,1980,42,,,710,,yes,no,yes,active
ANNA-B JEWELLERY CC,,,,,710,,yes,no,yes,active
ARTHUR KAPLAN JEWELLERS,2000,22,,,710,,yes,yes,yes,active
BEAUDELL DESIGNS,2014,8,,50-99,710,,yes,yes,yes,active
FOSCHINI RETAIL GROUP (PTY) LTD (PAROW EAST),,,,,710,,yes,no,no,active
MASLOV INTERNATIONAL (PTY) LTD.,,,,,710,,no,no,no,active
NICK THE PEARL MAN,,,,,710,,yes,no,no,active
ORO AFRICA,1945,77,,20-49,710,,yes,no,no,active
SILMAR MARKETING SA (PTY) LTD.,,,,,710,,no,no,no,active
SOMETHING SPECIAL IN JEWELLERY CC,,,,,710,,yes,no,no,active
THE BEAD SHOP,,,2 - 5,20-49,710,,yes,no,yes,inactive
WEST JEWEL LTD.,,,,,710,,no,yes,no,inactive
WESTCOR CC,,,,,710,19028155,yes,yes,no,inactive
AGUILAR DE DIOS EXPORTACION S.A.,1870,152,,,724,14106441,yes,yes,no,inactive
ALMACENES BUSTINZA S.A.,,,,,724,,no,yes,no,inactive
ANTHONY'S ANTIQUES SHOP,1979,43,,,724,,yes,yes,yes,active
ANTONIO LOPEZ MONTERO S.L.,,,,,724,10645050,yes,yes,yes,active
ARTE JOYA SL,,,,,724,,no,yes,no,inactive
AS & AS,1995,27,,,724,,no,yes,no,inactive
BOHEMME,2010,12,,,724,,yes,yes,yes,active
CASTELLANO JOYEROS,,,,,724,6139365,yes,yes,yes,active
COMERCIAL JADE CANARIAS SL,,,,,724,,no,no,no,inactive
CREACIONES MIGUEL ANGEL,,,,,724,5585261,no,yes,no,inactive
CREARTHAI SL,,,,0-9,724,,no,yes,no,inactive
CRISTIAN LAY,1981,41,21 - 50,50-99,724,62529,yes,no,yes,active
DAMASO MARTINEZ,1970,52,,,724,,yes,yes,yes,active
DISTRIBUCIONES KASKOTE. S.L.,,,,,724,,no,yes,no,inactive
DITTON JEWELL SL,,,,,724,,no,no,no,inactive
DOALLO PLATA SL,1979,43,,,724,,yes,yes,no,active
DURAN ,1886,136,,20-49,724,7392344,yes,yes,yes,active
EUROSILMEX,,,,,724,,no,no,no,inactive
EXP. PEDRO ROMERO MURIEL S.L.,1972,50,,10-19,724,,yes,no,no,active
FERMOL SA,,,,0-9,724,,no,no,no,inactive
"GREVE INVEST,S.L",1997,25,,100-249,724,558648,yes,yes,yes,active
INTERSEINA,,,,,724,,no,no,no,inactive
JOAQUIN IGLESIAS SL,,,,,724,,no,no,no,inactive
JOID ART,1981,41,21 - 50,100-249,724,1318820,yes,yes,yes,active
JORGE REVILLA,,,,0-9,724,,no,no,no,inactive
JOYASUR,,,,,724,,no,no,no,inactive
JOYERIA MAS,,,,,724,,no,no,no,inactive
JOYERIA SUAREZ,,,6 - 10,100-249,724,494504,yes,yes,yes,active
"JOYEROS 94,S.L. (SALVATORE PLATA)",,,,10-19,724,3129349,yes,yes,yes,active
LARREA JOYEROS S.L.,1997,25,,1000-4999,724,,no,no,no,inactive
"MACOVAL, S.L",2018,4,,0-9,724,,no,no,no,inactive
OUROBRILHO,,,,,724,,no,no,no,inactive
PIE DE REY DESIGNS S.L.,1973,49,,10-19,724,,yes,no,no,active
RAFAEL GUIJO S.A.,1962,60,,20-49,724,,no,no,no,inactive
"REASAS Y FORNITURAS, S.A.",,,,0-9,724,,no,no,no,inactive
"REJOY, S.A.",,,,0-9,724,,no,no,no,inactive
SACAIG S.A.,,,,,724,,no,no,no,inactive
STYLE ARISTOS,,,,,724,,no,no,no,inactive
AB SPORRONG,1666,356,,20-49,752,,no,no,no,inactive
AFROART,1967,55,,20-49,752,692042,yes,yes,yes,active
AHRENBECKS ADELSTENSSLIPERI AB,,,,,752,,no,no,no,inactive
BA KONSTGJUTERI AB,1970,52,,,752,,no,no,no,inactive
BENGT HALLBERG GULDSMEDS AB,1947,75,,,752,,no,no,no,inactive
BILARTEX AB,,,,,752,,no,no,no,inactive
BLOMDAHL MEDICAL AB,1985,37,2 - 5,20-49,752,2659458,yes,yes,yes,active
BRONSIL AB,,,,,752,2051330,yes,no,no,active
CONTINENTA AB,,,,,752,,no,no,no,inactive
GAUDY STOCKHOLM AB,1975,47,,,752,14045272,yes,yes,yes,active
GEOART AB,,,,,752,,no,no,no,inactive
GOLDEN SWAN AB,,,,,752,,no,no,no,inactive
GULDBOLAGET I BERGKVARA AB,1967,55,,,752,,yes,yes,yes,active
GULDFYND,1993,29,2 - 5,100-249,752,143538,yes,no,yes,active
GULDTEKNIK I KOPING AB,1990,32,,,752,,no,no,no,inactive
HALLMANS IDROTTISKLUBBARNAS PRISINKOP AB,,,,,752,,no,no,no,inactive
HOVJUVELERARE SVEDBOMS GULD,,,,,752,,no,no,no,inactive
IDEGULD AB,,,,,752,,no,no,no,inactive
"JO-AN'S GULD, AB",,,,,752,,no,no,no,inactive
LAPPLAND DESIGN AB,,,,,752,,no,no,no,inactive
METALLI SVENSKA FORSALJNINGS AB,,,,,752,,no,no,no,inactive
REKLAMPROFILEN AB,,,,,752,,no,no,no,inactive
ROSIN SMYCKEN AB,,,,,752,,no,no,no,inactive
RUFLI ADELSTENSSLIPERI AB,,,,,752,,no,no,no,inactive
SANDSTROM & DE WIT AB,,,,,752,,no,no,no,inactive
SAVSJO GULDSMEDS AB,1957,65,,,752,,no,no,no,inactive
SCHALINS RINGAR AB,1972,50,2 - 5,20-49,752,1192468,yes,no,yes,active
SVEDBOM & CO AB,,,,0-9,752,,no,no,no,inactive
SVEN WRANGE JUVELERARE AB,,,,,752,,no,no,no,inactive
SVENSKT GULDSMIDE & DESIGN AB,,,,,752,5551819,yes,no,yes,active
VICTOR JANSON GULDVARU AB,,,,,752,,no,no,no,inactive
AMBASSADEURS S.A. (LES),1964,58,10 - 15,100-249,756,523835,yes,no,yes,active
ANDREW COHEN SA,,,,,756,,no,no,no,inactive
APERO SWITZERLAND TM SA,1989,33,,,756,,no,no,no,inactive
ATELIER TESSA GOLDSCHMIEDE,,,,,756,,no,no,no,inactive
ATELIER TSCHAN,,,,,756,,no,no,no,inactive
BERR AND PARTNERS S.A.,1986,36,,,756,,yes,no,yes,active
BIJOUTERIE BADER PROPRI&Eacute;TAIRE KURZ SA,,,,,756,,no,no,no,inactive
BIJOUX BONNET S.A.,,,,,756,,no,no,no,inactive
BUCHERER AG,1888,134,101 - 1000,250-499,756,99257,yes,yes,yes,active
BY OLGA RIBLER,,,,,756,,no,no,no,inactive
CHRIST UHREN U.SCHMUCK AG (ZENTRALVERWALTUNG),,,2 - 5,20-49,756,155273,yes,no,no,active
DESARTECH SA,,,,,756,,yes,no,yes,active
DIAMANTHAUS,2017,5,,,756,5809881,yes,no,no,active
DIAMS.CH SA,2004,18,,,756,,no,no,no,inactive
EMILIO ZOPPI,,,,,756,,no,no,no,inactive
FEINEST GMBH,,,,,756,,no,no,no,inactive
FILLNER LUZERN,,,,,756,,no,no,no,inactive
FRIEDEN LTD. CREATIVE DESIGN,,,,,756,,no,no,no,inactive
GOLAY FILS & STAHL S.A.,1837,185,,,756,,no,no,no,inactive
GOLDSCHMIEDE RICHTERSWIL,,,,,756,,no,no,no,inactive
HOROVITZ & TOTAH SA,,,,,756,,no,no,no,inactive
KURZI SCHMUCKDESIGN,,,,,756,,no,no,no,inactive
MEISTER + CO. AG,1897,125,21 - 50,100-249,756,1530358,yes,no,yes,active
MOJO DESIGN GMBH,2005,17,,,756,13629251,yes,no,no,active
QUADRAT SCHMUCK KUNDENDIENST & VERWALTUNG,,,,,756,,no,no,no,inactive
TANNLER,,,,,756,,no,no,no,inactive
URS KAUFMANN GOLDSCHMIED,,,,,756,,no,no,no,inactive
ZOPPI AG,1932,90,,,756,,yes,no,yes,active
ARI D. NORMAN LTD.,1998,24,,,826,,no,no,no,inactive
CLARKE MANUFACTURING LTD.,,,,,826,,no,no,no,inactive
CME JEWELLERY,1977,45,2 - 5,20-49,826,1181524,yes,no,yes,active
COO JEWELLERS,2010,12,,20-49,826,19344421,no,no,no,inactive
ETERNITY JEWELLERY LIMITED,1962,60,,20-49,826,5420093,yes,no,no,active
F HINDS LTD.,1856,166,101 - 1000,250-499,826,95118,yes,no,yes,active
H SAMUEL,1862,160,101 - 1000,250-499,826,22347,yes,no,yes,active
HALF PRICE JEWELLERS,1998,24,,,826,,no,no,no,inactive
INTERNATIONAL BULLION AND METAL BROKERS (LONDON) LTD,1974,48,21 - 50,100-249,826,620761,yes,no,yes,active
MAPPIN & WEBB LTD.,,,,,826,,no,no,no,inactive
MOIRA FINE JEWELLERY LIMITED,,,,,826,,no,no,no,inactive
OPTIMA MANUFACTURING JEWELLERS LTD.,1981,41,,,826,,no,no,no,inactive
PRAVINS HOLDINGS LTD.,1969,53,21 - 50,100-249,826,659774,yes,no,yes,active
STUBBS & CO. (UK) LTD.,,,,,826,,no,no,no,inactive
1-800-LOOSE DIAMONDS,1987,35,21 - 50,100-249,840,4604350,yes,no,yes,active
1928 JEWELRY CO.,,,,,840,,no,no,no,inactive
4C DIAMONDS INC.,,,,,840,,no,no,no,inactive
925 CO.,,,,,840,,no,no,no,inactive
"A&J TOOL FINDINGS CO., INC.",,,,,840,,no,no,no,inactive
A&Z HAYWARD,,,,,840,,no,no,no,inactive
A. FISHMAN & SON JEWELRY INC.,1947,75,,,840,,no,no,no,inactive
A. HERSCHLAG INC.,,,,,840,,no,no,no,inactive
AARON FABER GALLERY,,,,20-49,840,7965205,yes,no,no,active
ADWAR CASTING,1972,50,,20-49,840,4287320,no,no,no,inactive
AG COLOR INC.,1998,24,,,840,,no,no,no,inactive
ALICE STURZINGER LTD.,,,,,840,,no,no,no,inactive
ALL SEASONS CO.,,,,,840,,no,no,no,inactive
ALMOR DESIGNS INC.,,,,,840,,no,no,no,inactive
ALPHA & OMEGA JEWELRY & ANTIQUES,,,,,840,,no,no,no,inactive
ALPHA IMPORTS INC.,,,,,840,,no,no,no,inactive
ALUMA USA.,,,,,840,,no,no,no,inactive
ALWAND VAHAN JEWELRY LTD.,1968,54,,,840,6121116,yes,no,yes,active
AMBER ART / UNIQUE & COMPANY,1993,29,,,840,,no,no,no,inactive
AMBER BY GRACIANA,1986,36,,,840,,no,no,no,inactive
"AMBER No. 1, INC.",,,,,840,,no,no,no,inactive
AMBERMAN,,,,,840,,no,no,no,inactive
JEWELRY TELEVISION,1993,29,101 - 1000,1000-4999,840,11613,yes,no,yes,active
"JOHN C. NORDT CO., INC.",1947,75,,50-99,840,9444985,yes,no,no,active
JORDAN SCHLANGER,1993,29,,,840,,no,no,no,inactive
JOSEPH BLANK INC.,1962,60,,,840,,no,no,no,active
"JOSEPH GAD, INC.",1995,27,,,840,,no,no,no,active
JOSEPH MENZIE,1990,32,,,840,,yes,no,no,inactive
"JULIUS COHEN JEWELER, INC.",1962,60,,,840,9971587,yes,no,no,active
KARAT PATCH JEWELRY,1982,40,,,840,,no,no,no,inactive
"KELLY WATERS, INC.",1964,58,10 - 15,20-49,840,3457783,yes,no,yes,active
KGK JEWELRY INC.,2004,18,0.5 - 1,5000-9999,840,936961,yes,no,yes,active
KLEIN'S JEWELRY,1986,36,,,840,,yes,no,no,active
KP JEWELRY,1989,33,,,840,5798116,yes,no,no,active
L J WEST DIAMONDS,1978,44,,,840,,yes,no,yes,active
"L&M JEWELRY CREATIONS, INC.",1967,55,,,840,,yes,no,yes,active
"LIMPID JEWELRY, INC.",,,,,840,11954737,yes,no,no,active
LOUIS CREATIONS INC,1988,34,,,840,,yes,no,no,active
LUXURY BAZAAR,2012,10,2 - 5,20-49,840,296634,yes,yes,yes,active
M. FABRIKANT & SONS INC.,1895,127,,,840,5450550,yes,yes,yes,active
Jewelry Chain,2019,3,,,840,,no,no,no,inactive
MACY'S INC.,1858,164,0.5 - 1,5000-9999,840,501042,yes,yes,no,active
MARK PATTERSON INC.,2007,15,,,840,,yes,yes,no,active
MAUI DIVERS OF HAWAII,1958,64,51 - 75,100-249,840,,yes,yes,yes,active
MAYORS JEWELERS,1910,112,21 - 50,100-249,840,,yes,yes,yes,active
MCM SUPPLY,,,,,840,,yes,yes,yes,active
MAZZA/BARTHOLOMEW LTD.,1987,35,,,840,,no,no,no,active
"MERCHANTS OVERSEAS, INC.",1951,71,,,840,,yes,no,no,active
MERCURY RING CORP.,1944,78,,,840,16438193,yes,no,no,inactive
METAL MARKETPLACE I INC.,1984,38,,,840,6151230,yes,no,no,active
"METRO AMERICA SALES, INC.",1995,27,,,840,,no,no,no,active
"MICHAEL BONDANZA, INC.",1977,45,,,840,,yes,yes,yes,active
MICHAEL GOOD DESIGNS INC.,1985,37,,,840,4794437,yes,yes,yes,active
"MICHOU, INC.",1995,27,,,840,,no,no,no,active
MIRANDO JEWELRY INC.,2011,11,,,840,,no,no,no,active
"MORGAN JEWELERS OF SALT LAKE CITY, INC.",1914,108,6 - 10,20-49,840,1852277,yes,yes,yes,active
Nancy and David Fine Jewels,1994,28,,,840,,yes,yes,yes,active
NEIMAN MARCUS,1990,32,1000,5000-9999,840,3029,yes,yes,yes,active
"NICE DIAMONDS, INC",1987,35,,,840,,no,no,no,active
"N J JEWELRY COMPANY, INC",2010,12,,,840,,no,no,no,inactive
ORIENTAL CREST,1985,37,,,840,,no,no,no,active
OTC INTERNATIONAL,2010,12,,,840,,no,no,no,active
OVERNIGHT MOUNTINGS,1995,27,10 - 15,100-249,840,879644,yes,no,no,active
PACIFIC SILVER,1998,24,,,840,,no,no,no,inactive
PAGEO,1975,47,6 - 10,20-49,840,2861450,yes,no,yes,active
PAOLO COSTAGLI,1994,28,,,840,7164299,no,no,no,active
PARAMOUNT GEMS,1993,29,,,840,,yes,yes,yes,active
PAUL FISHER INC.,1975,47,,,840,,yes,yes,no,active
PENELOPE'S OF GREECE,1988,34,,,840,3976129,no,no,yes,active
PERIODJEWELS INC,2010,12,,,840,,no,no,no,active
PERRIER GEMS INTERNATIONAL INC.,1994,28,,,840,,no,no,no,active
PETER STONE,1987,35,51 - 75,500-999,840,2770519,yes,no,yes,active
PLUM ISLAND SILVER CO.,1993,29,,,840,7061442,no,no,no,inactive
PRANDA NORTH AMERICA INC.,1991,31,,,840,10394563,yes,no,yes,active
PRIME ART & JEWEL (PAJ),1988,34,,,840,,no,yes,yes,active
PROMPT GEM IMPORTERS INC,1974,48,,,840,,no,no,no,active
PRONTO JEWELRY INC,1986,36,,,840,,no,no,no,active
PROVOCKATIVE GEMS,1990,32,,,840,,yes,no,no,active
R&S DESIGN CREATION,2010,12,,,840,,yes,yes,no,active
RADIANT CUT DIAMOND CORP.,2017,5,,,840,,no,no,no,active
RAINBOW RATAN CO.,1986,36,,,840,,no,no,yes,active
RAWAT GEMS LLC,2000,22,,,840,14521991,yes,no,no,active
Reeds Jenss Jewelers,1958,64,2 - 5,20-49,840,2802251,yes,no,no,active
REFLECTIVE IMAGES,1986,36,6 - 10,20-49,840,2151798,yes,yes,yes,active
RICHARD CANNON JEWELRY,2016,6,10 - 15,20-49,840,2198786,yes,no,yes,active
RICHARDS & WEST MFG.CO.,1982,40,,,840,,yes,no,yes,active
RICK SHATZ INC.,1986,36,,,840,,yes,no,no,active
ROBILOTTI FINE JEWELERS,2020,2,,,840,,yes,no,yes,active
ROCHESTER DIAMONDS INC.,1992,30,,,840,3829784,yes,no,yes,active
ROGER LTD.,1944,78,76 - 100,100-249,840,3150573,yes,no,yes,active
ROOF JEWELERS,1968,54,,,840,,yes,no,yes,active
ROSS-SIMONS JEWELERS,1975,47,16 -20,100-249,840,22805,yes,yes,yes,active
ROYAL CHAIN,1978,44,101 - 1000,100-249,840,3188802,yes,yes,yes,active
ROYAL INDIA USA INC.,1995,27,,,840,,yes,yes,no,active
RUSHABH GEMS CORP.,2007,15,,,840,,yes,no,no,active
S. KASHI & SONS INC.,1990,32,,,840,7657284,yes,yes,yes,active
SAM DAVIS DESIGNS,,,,,840,,no,no,no,inactive
SAM LEHR DESIGNS,,,,,840,,no,no,no,inactive
SAMUEL ROZENBAUM,1995,27,,,840,,no,no,no,active
SAMUELS JEWELERS INC.,1998,24,,,840,,yes,no,no,active
SHASHI INC.,2012,10,1 - 2,20-49,840,807856,yes,yes,yes,active
SHEFI DIAMOND INC.,1975,47,,,840,14004415,yes,yes,yes,active
SHOP NBC,,,,,840,,no,no,no,inactive
SIDNEY IMPORT INC.,1994,28,2 - 5,20-49,840,658239,yes,no,no,inactive
SILMA,2016,6,,,840,,yes,yes,no,active
SILVER INTERNATIONAL,2015,7,,,840,,yes,,,active
SILVER STAR JEWELRY MFG.,1997,25,,,840,9308833,yes,no,yes,active
"SILVER UNLIMITED, INC.",1995,27,,,840,,no,no,no,active
SIMPLEXDIAM INC,1983,39,,,840,,yes,no,yes,active
SNC JEWELS INC,2009,13,,,840,,no,no,no,inactive
SOHAM DIAMONDS,,,,,840,,no,no,no,inactive
"SPARK CREATIONS, INC",1972,50,,,840,,yes,no,yes,active
STANLEY CREATIONS INC.,1965,57,,,840,,yes,no,no,active
STARBORN CREATIONS,1996,26,,,840,,yes,yes,yes,active
STS JEWELS INC.,2009,13,,,840,3550515,yes,no,no,active
SUTRA JEWELS,2008,14,,,840,15539194,no,no,no,inactive
T.M.W DIAMONS,1973,49,,,840,,yes,no,yes,active
TECHNAORO,2001,21,,,840,,no,yes,yes,active
"THE CARGO HOLD, INC.",1974,48,,,840,,yes,yes,yes,active
THE DEYOUNG COLLECTION,2010,12,,,840,,no,no,no,active
"THE LAPIS TREE,LTD.",2019,3,,,840,,yes,yes,yes,active
TJM USA LLC,2009,13,,,840,,no,no,no,active
TRILLION DIAMOND CO.,1989,33,,,840,,no,no,no,active
U.S.A. STUDS,1985,37,,,840,,yes,no,no,active
UNITED COLOR GEM INC,1996,26,,,840,,yes,yes,yes,active
UNITED GEMCO.,1999,23,,,840,,yes,yes,yes,active
"UNIVERSAL WATCH CO., INC.",2004,18,,,840,4684200,yes,yes,yes,active
VALENTINE JEWELRY,,,,,840,,yes,no,yes,active
VARIETY GEM CO.,1990,32,,,840,,yes,yes,yes,active
VILLAGE JEWELERS,,,,,840,,yes,no,yes,active
WINDSOR JEWELERS INC,1986,36,25 - 50,100-249,840,4761436,yes,yes,yes,active
YAFA SIGNED JEWELS,2011,11,1 - 2,20-49,840,5103931,yes,yes,yes,active
Z' s Jewelry Creations. Inc.,,,,,840,,no,no,no,inactive
ZEPPO MERCHANDISES,1982,40,,,840,16598934,yes,no,no,active
AMERICAN JEWELRY DESIGNS,2016,6,,,840,,yes,no,no,active
AMIPI INC.,2003,19,,,840,,yes,yes,yes,active
AMY KAHN RUSSELL,1998,24,,20-49,840,14893152,yes,yes,yes,active
"ANATOLI INC.,",1988,34,,,840,,yes,yes,yes,active
ANDREW MEYER JEWELRY,1985,37,,,840,,yes,no,yes,active
ANGELA CONTY DESIGNS,,,,,840,,yes,no,no,inactive
ANGELIQUE DE PARIS,2001,21,,,840,,yes,no,no,active
ANNA LIN JEWELRY,2018,4,,,840,,yes,no,no,active
APIK JEWELRY,1986,36,,,840,,no,no,no,inactive
ARDSLEY INTERNATIONAL INCORPORATED,2011,11,,20-49,840,,no,no,no,active
ARGENT CREATIONS,1986,36,,,840,,yes,no,no,active
ARMAND JACOBY,1973,49,,,840,,yes,no,no,active
ARMBRUST INTERNATIONAL,2003,19,,50-99,840,,yes,no,no,active
"ARNAV, INC",2013,9,,,840,,no,no,no,active
ARON KNOBLOCH INC.,2006,16,,,840,,yes,no,no,active
ART CREATIONS,,,,,840,,yes,yes,yes,active
ARTCARVED BRIDAL,,,44597,100-249,840,2435961,yes,yes,yes,active
ARTHUR GROOM & CO.,,,,,840,,yes,no,yes,active
ARTTECH CASTING COMPANY,,,,,840,,yes,no,no,active
ARZY CO. INC.,,,,,840,,yes,no,no,active
ASCH/GROSSBARDT INC.,1986,36,,,840,,yes,no,no,active
ASHI DIAMONDS LLC,1998,24,16-20,100-249,840,1918924,yes,yes,yes,active
ASSAEL INC.,1961,61,21-50,20-49,840,2351327,yes,yes,yes,active
ASSIL NEW YORK,,,,,840,,yes,no,no,active
ATHRA TRADING INC.,,,,,840,15898828,yes,no,no,active
AXELROD CO.,2020,2,,,840,,yes,no,no,active
AXICON WORLD IMPORTS,,,,,840,,yes,no,no,active
B.H. MULTI COM CORP.,1979,43,101-1000,250-499,840,161482,yes,yes,yes,active
BAADE II LTD.,1995,27,,,840,,yes,no,no,active
BALINESIA INC.,,,,,840,,yes,no,yes,active
"BARNETT DAVIS, INC.",1946,,,,840,,yes,no,no,active
BARSE & CO.,1993,29,,,840,3033118,yes,yes,yes,active
BEACAB GEMS INC.,1990,32,,,840,16937503,yes,no,no,active
BEKKER JEWELRY,2013,9,,,840,,yes,no,no,active
BEN BRIDGE JEWELER,1912,110,101-1000,250-499,840,193091,yes,yes,yes,active
BERKSHIRE CLASSIC,2005,17,,,840,,yes,no,no,active
BHINDI JEWELLERS,1929,93,16-20,100-249,840,1765991,yes,yes,yes,active
BIDZ,1996,26,,,840,5488128,yes,no,no,active
BOB SIEMON DESIGNS,,,,,840,,no,no,no,active
BOMA JEWELRY,1981,41,44597,20-49,840,234938,yes,yes,yes,active
BOREGAARD JEWELER,,,,,840,,yes,yes,yes,active
BOUTIQUE SCANDINAVIA,,,,,840,,yes,no,no,active
BYARD F.BROGAN INC.,1996,26,,,840,,yes,yes,yes,active
C.R. JEWELERS,,,,,840,8442988,yes,no,yes,active
"C.Z. COLLECTIONS, INC.",,,,,840,15245469,yes,no,no,active
CAESAR'S DESIGNS,2006,16,,,840,,yes,yes,yes,active
CARELLE,2002,20,,,840,13052213,yes,no,no,active
"CARGO HOLD, INC.",1974,,,,840,,yes,yes,yes,active
CAROL SILVERA,2021,1,,,840,,yes,no,no,active
CARTIER,1847,175,101-1000,5000-9999,840,13757,yes,yes,yes,active
CHARES & COVARD,1995,97,21-50,100-249,840,124087,yes,yes,yes,active
CHAS SCHWARTZ & SON,1955,67,,,840,7214713,yes,no,no,active
CIRCA,2001,21,76-100,100-249,840,776736,yes,yes,yes,active
CLASSIC DIAMONDS INC.,1992,30,,,840,,no,no,no,active
CLASSIC IMPORTS INC.,,,,,840,,no,no,no,active
COLOR MASTERS PRECIOUS JEWELRY,2002,20,,50-99,840,,yes,no,no,active
CORDOVA INC.,,,,,840,12244625,yes,no,no,active
CORINA COLLECTIONS,,,,,840,,yes,no,no,active
COSTCO WHOLESALE CORPORATION,1983,32,101-1000,5000-9999,840,261,yes,yes,no,active
CRAIG DRAKE MFG INC.,,,,,840,,yes,yes,yes,active
CREATIVA INTERNATIONAL CORP.,1970,52,44597,20-49,840,2441973,yes,yes,yes,active
CRESCENT JEWELERS,1957,65,,,840,15310981,yes,yes,yes,active
CROWN FINDINGS CO. INC.,1983,39,,,840,2546087,yes,no,no,active
D.K.SURANA INC.,,,,,840,,no,no,no,inactive
DANIEL JEWELERS,1948,74,101-1000,250-499,840,271678,yes,yes,yes,active
DANNY S. MESSING CO. INC.,1981,41,,,840,,yes,no,no,active
"DAVID HAKIMI CO., LLC",,,,,840,,no,no,no,active
DE HAGO,1992,30,,,840,,yes,yes,yes,active
DEBORAH ARMSTRONG & CO.,1996,26,,,840,,yes,no,no,active
"DEEPAM, INC.",1997,25,,,840,,yes,no,no,active
DESIGN BY OWEN,,,,,840,,no,no,no,active
DESIGNS BY JOI FRANKEL INC.,1980,42,,,840,,yes,yes,yes,active
DESIGNS BY MARTIN FLYER INC.,1945,77,,,840,6202295,yes,yes,yes,active
DIASTAR INC.,1991,31,,,840,,yes,no,no,active
DIATRACO CORPORATION,1977,45,,,840,,yes,no,no,active
DNM CREATIONS INC.,,,,,840,,yes,no,no,inactive
DOBBS BOSTON,,,,,840,,yes,yes,yes,active
DON ROBERTO,1972,50,51-75,250-499,840,2045370,yes,yes,yes,active
DOVER JEWELRY & DIAMONDS,1985,37,16-20,20-49,840,1226168,yes,yes,yes,active
EARRING KING JEWELRY MFG.,1992,30,,,840,,yes,no,no,active
ECHO OF THE DREAMER,2010,12,,,840,,yes,no,no,active
EL DORADO JEWELRY INC,2002,20,,,840,,yes,yes,yes,active
ELEGANT J. INC.,,,,,840,,no,no,no,active
ELLAGEM INC.,1982,40,,,840,,yes,yes,no,active
EMG CREATIONS INC.,,,,,840,,yes,no,no,active
EMIKO PEARLS INT'L INC,,,,,840,,yes,no,no,active
"EOS JEWELRY INTERNATIONAL, LLC",2000,22,,,840,10367479,yes,no,no,active
ESSEX GLOBAL BIJAN AND CO INC,1988,34,,,840,,no,no,no,active
ETIENNE PERRET,1983,39,,,840,,yes,no,no,active
EUGENE BIRO CORP.,1980,42,,20-49,840,16069133,yes,yes,yes,active
EXCALIBUR ESTATE JEWELRY,,,,,840,,yes,yes,yes,active
FANCY JEWELRY IMPORTS,,,,,840,,yes,no,no,active
FAR FETCHED INC.,,,,,840,,yes,no,no,active
FASHION BELLA,,,,,840,4498133,yes,no,no,active
FINESSE DIAMONDS CORP.,,,,,840,,yes,yes,yes,active
FINK'S JEWELRYS,1930,92,21-50,100-249,840,427936,yes,yes,yes,active
FINN BROS INC.,,,,,840,5710091,yes,no,no,active
FIRST CLASS TRADING CO.,,,,,840,,yes,yes,yes,active
FOREVER CREATIONS USA INC,,,,,840,,no,no,no,active
FORTUNOFF,1922,100,,1000-4999,840,11483939,yes,no,no,active
FRANK MASTOLONI & SONS INC.,,,,,840,7874576,yes,no,no,active
FREEMAN JEWELERS,,,,,840,,yes,no,no,active
FRIEDMAN'S INC.,,,101-1000,1000-4999,840,1488137,yes,no,yes,active
FUSARO JEWELRY,1920,102,,0-9,840,,no,no,no,inactive
G.N. DIAMOND,,,,,840,9076080,yes,no,no,active
GEMS ONE CORP.,1992,30,,,840,5986790,yes,no,yes,active
GOLD TOWN JEWELRY INC.,1981,41,,,840,,no,no,no,active
GOLDEN HIGHWAY JEWELRY,,,,,840,,no,no,no,active
GOLDENWEST DIAMOND CORP,,,,,840,,yes,no,yes,active
GRASSMAN BLAKE INC.,,,,,840,,no,no,no,active
GRASSMAN BLAKE INC.,,,,,840,,yes,no,no,active
H & T GOLDMAN CO.,,,,,840,,no,no,no,inactive
H.J. NAMDAR,1979,43,,20-49,840,,yes,no,yes,active
HAKIMIAN GEM CO. USA,,,,,840,,yes,no,no,active
HAMMERMAN BROS.,1961,61,,,840,,yes,yes,no,active
HARRIS ORIGNALS,,,,,840,4580265,no,no,no,inactive
HARRY RITCHIE'S JEWELERS,1956,66,21-50,100-249,840,1081471,yes,no,yes,active
HEARTS ON FIRE,1996,26,21-50,100-249,840,372567,yes,no,yes,active
HELEN'S JEWEL,2014,8,,0-9,840,10178774,no,no,no,active
HELZBERG DIAMOND SHOPS,1915,107,101-1000,1000-4999,840,43684,yes,no,yes,active
HENRY DESOGNS STUDIO INC.,,,,,840,,yes,no,no,active
HESKIA BROTHERS INC.,,,,,840,,yes,no,no,active
HLY CO.,,,,,840,,yes,no,no,active
HOUSE OF BANGLES JEWELRY INC.,,,,,840,,no,no,no,active
"HOUSE OF GEMS, INC.",1997,,44597,20-49,840,1602627,yes,no,yes,active
HOWARD ENGLE INC.,,,,,840,,no,no,no,active
HUGHES WHOLESALE STERLING,,,,,840,,no,no,no,active
HURSTS' BERWYN JEWELERS INC.,,,,,840,,no,no,no,active
I. MARGOSHES INC.,,,,,840,,yes,no,no,active
"I.D. JEWELRY, LLC",1986,36,44597,20-49,840,1865503,yes,no,yes,active
I.D.I DESIGN GROUP,,,44597,20-49,840,1460008,yes,no,no,active
I.M. DAVIDSON INC.,,,,,840,,no,no,no,active
IKEDA PEARL CO.,,,,,840,,yes,no,yes,active
INDIA ARTS,1960,62,44597,20-49,840,2799510,yes,no,yes,active
INTERNATIONAL BULLION AND METAL BROKERS (IBB),,,,,840,,yes,no,no,active
INTERNATIONAL IMPORT CORP.,,,,,840,,yes,no,no,active
IVY NEW YORK,,,,,840,14108124,yes,no,yes,active
J. KENNEDY DESIGN,,,,,840,,yes,no,no,active
J.B. STAR DIAMONDS,1981,41,21-50,100-249,840,3180318,yes,no,yes,active
J.J. MARCO,,,,,840,15063938,yes,no,yes,active
JANE BOHAN,,,,,840,,yes,no,yes,active
JENNY PERL FOR JMP,,,,,840,,no,no,no,active
JEWELERY UNLIMITED INC. DBA INDIA GEMS,,,,,840,14263859,yes,no,yes,active
JEWELEX NEW YORK LTD.,,,,,840,14614085,yes,no,no,active
JEWELMARK INC.,,,,,840,,yes,no,no,active
JEWELRY BY ARSA,,,,,840,,no,no,no,active
